# List of directed links
# (alb93--truncatedNodeNames--Google--rmIntl--dmax3.txt)
#
# Input file:   ../59/data/alb59--Google--rmIntl--dmax3.txt
# Starting strings removed from the nodes' names:
# http://www.google.com/ https://www.google.com/ http://www.google.com https://www.google.com
# The starting page (www.google.com) is written below as "+"
#
# node 1 (source)
#	node 2 (target)

+	accounts/Login
+	advanced_search
+	imghp
+	language_tools
+	maps
+	preferences
+	url
about.html	+
about.html	ads/
about.html	contact/
about.html	corporate/
about.html	help/features.html
about.html	jobs/
about.html	options/
about.html	plex/
about.html	press/
about.html	privacy.html
about.html	services/
about.html	submit_content.html
about.html	support
about.html	terms_of_service.html
about.html	webmasters/
accounts/	+
accounts/	accounts/
accounts/	accounts/Login
accounts/	help/faq_accounts.html
accounts/	newsalerts
accounts/	privacy.html
accounts/	psearch
accounts/	terms_of_service.html
accounts/ForgotPasswd	+
accounts/ForgotPasswd	accounts/
accounts/ForgotPasswd	accounts/Login
accounts/ForgotPasswd	help/faq_accounts.html
accounts/ForgotPasswd	privacy.html
accounts/ForgotPasswd	terms_of_service.html
accounts/Login	+
accounts/Login	accounts/
accounts/Login	accounts/ForgotPasswd
accounts/Login	accounts/Login
accounts/Login	accounts/NewAccount
accounts/Login	help/faq_accounts.html
accounts/Login	newsalerts
accounts/Login	privacy.html
accounts/Login	psearch
accounts/Login	terms_of_service.html
accounts/NewAccount	+
accounts/NewAccount	accounts/
accounts/NewAccount	accounts/Login
accounts/NewAccount	accounts/PasswordHelp
accounts/NewAccount	accounts/TOS
accounts/NewAccount	help/faq_accounts.html
accounts/NewAccount	privacy.html
accounts/NewAccount	terms_of_service.html
accounts/PasswordHelp	+
accounts/PasswordHelp	help/faq_accounts.html
accounts/PasswordHelp	privacy.html
accounts/PasswordHelp	terms_of_service.html
accounts/ServiceLogin	+
accounts/ServiceLogin	accounts/
accounts/ServiceLogin	accounts/ForgotPasswd
accounts/ServiceLogin	accounts/Login
accounts/ServiceLogin	accounts/NewAccount
accounts/ServiceLogin	help/faq_accounts.html
accounts/ServiceLogin	newsalerts
accounts/ServiceLogin	privacy.html
accounts/ServiceLogin	psearch
accounts/ServiceLogin	terms_of_service.html
accounts/SmsMailSignup1	+
accounts/SmsMailSignup1	help/faq_accounts.html
accounts/SmsMailSignup1	privacy.html
accounts/SmsMailSignup1	terms_of_service.html
accounts/TOS	+
accounts/TOS	about.html
accounts/TOS	contact/
accounts/TOS	dmca.html
accounts/TOS	help/privacy_fusionph.html
accounts/TOS	privacy.html
accounts/TOS	privacy_faq.html
accounts/TOS	privacypolicy.html
accounts/TOS	searchcode.html
accounts/TOS	searchhistory/privacy.html
accounts/TOS	talk/privacy.html
accounts/TOS	terms_of_service.html
accounts/TOS	tm_complaint.html
accounts/TOS	webmasters/faq.html
addurl/	+
addurl/	about.html
addurl/	ads/
addurl/	enterprise/gsa/
addurl/	enterprise/mini/
addurl/	jobs/
addurl/	services/
addurl/	sitemap.html
addurl/	webmasters/
ads/	+
ads/	about.html
ads/	adsense/
adsense/	adsense/home
adsense/	adsense/localized-terms
adsense/	adsense/policies
adsense/	privacy.html
adsense/	services/adsense_tour/
adsense/	support/adsense/
adsense/home	adsense/home
adsense/home	adsense/localized-terms
adsense/home	adsense/policies
adsense/home	privacy.html
adsense/home	services/adsense_tour/
adsense/home	support/adsense/
adsense/localized-terms	adsense/home
adsense/localized-terms	adsense/localized-terms
adsense/localized-terms	adsense/policies
adsense/localized-terms	permissions/guidelines.html
adsense/localized-terms	privacy.html
adsense/localized-terms	support/adsense/
adsense/policies	adsense/home
adsense/policies	adsense/localized-terms
adsense/policies	adsense/policies
adsense/policies	privacy.html
adsense/policies	support/adsense/
adsense/ws-overview	adsense/
adsense/ws-overview	adsense/home
adsense/ws-overview	adsense/localized-terms
adsense/ws-overview	adsense/policies
adsense/ws-overview	privacy.html
adsense/ws-overview	support/adsense/
advanced_search	bsd
advanced_search	ig/usgov
advanced_search	linux
advanced_search	mac
advanced_search	microsoft
advanced_search	options/universities.html
advanced_search	webhp
alerts	+
alerts	accounts/ServiceLogin
alerts	alerts
alerts	alerts/faq.html
alerts	privacy.html
alerts	terms_of_service.html
alerts/faq.html	accounts/
alerts/faq.html	advanced_search
alerts/faq.html	alerts
apis/api_faq.html	+
apis/api_faq.html	about.html
apis/api_faq.html	accounts/NewAccount
apis/api_faq.html	jobs/
apis/api_faq.html	sitemap.html
apis/homepage/	+
apis/homepage/	about.html
apis/homepage/	ig
contact/	+
contact/	about.html
contact/	ads/
contact/	enterprise/
contact/	jobs/
contact/	permissions/
contact/	permissions/guidelines.html
contact/	press/
contact/	services/
contact/	sitemap.html
contact/	support
contact/	support/adsense
contact/	tm_complaint.html
contact/	webmasters/
cookies.html	+
cookies.html	about.html
coop	+
coop	about.html
coop	apis/homepage/
coop	coop
coop	coop/directory
coop	coop/docs/faq.html
coop	coop/docs/faq_users.html
coop	coop/docs/glossary.html
coop	coop/docs/guide_subscribed_links.html
coop	coop/docs/guide_topics.html
coop	coop/docs/other_resources.html
coop	coop/docs/privacy.html
coop	coop/manage/profile
coop	coop/manage/subscribedlinks
coop	coop/manage/subscriptions
coop	coop/manage/topics
coop	coop/topic
coop	help/features.html
coop	ig
coop/directory	+
coop/directory	about.html
coop/directory	coop
coop/directory	coop/directory
coop/directory	coop/docs/faq.html
coop/directory	coop/docs/faq_users.html
coop/directory	coop/docs/privacy.html
coop/docs/faq.html	+
coop/docs/faq.html	about.html
coop/docs/faq.html	coop
coop/docs/faq.html	coop/directory
coop/docs/faq.html	coop/docs/faq.html
coop/docs/faq.html	coop/docs/faq_users.html
coop/docs/faq.html	coop/docs/glossary.html
coop/docs/faq.html	coop/docs/guide_subscribed_links.html
coop/docs/faq.html	coop/docs/guide_topics.html
coop/docs/faq.html	coop/docs/other_resources.html
coop/docs/faq.html	coop/docs/privacy.html
coop/docs/faq.html	coop/manage/profile
coop/docs/faq.html	coop/manage/subscribedlinks
coop/docs/faq.html	coop/manage/subscriptions
coop/docs/faq.html	coop/manage/topics
coop/docs/faq.html	coop/topic
coop/docs/faq_users.html	+
coop/docs/faq_users.html	about.html
coop/docs/faq_users.html	coop
coop/docs/faq_users.html	coop/directory
coop/docs/faq_users.html	coop/docs/faq.html
coop/docs/faq_users.html	coop/docs/glossary.html
coop/docs/faq_users.html	coop/docs/guide_subscribed_links.html
coop/docs/faq_users.html	coop/docs/guide_topics.html
coop/docs/faq_users.html	coop/docs/other_resources.html
coop/docs/faq_users.html	coop/docs/privacy.html
coop/docs/faq_users.html	coop/manage/profile
coop/docs/faq_users.html	coop/manage/subscribedlinks
coop/docs/faq_users.html	coop/manage/subscriptions
coop/docs/faq_users.html	coop/manage/topics
coop/docs/faq_users.html	help/features.html
coop/docs/glossary.html	+
coop/docs/glossary.html	about.html
coop/docs/glossary.html	coop
coop/docs/glossary.html	coop/directory
coop/docs/glossary.html	coop/docs/faq.html
coop/docs/glossary.html	coop/docs/faq_users.html
coop/docs/glossary.html	coop/docs/guide_subscribed_links.html
coop/docs/glossary.html	coop/docs/guide_topics.html
coop/docs/glossary.html	coop/docs/other_resources.html
coop/docs/glossary.html	coop/docs/privacy.html
coop/docs/glossary.html	coop/manage/profile
coop/docs/glossary.html	coop/manage/subscribedlinks
coop/docs/glossary.html	coop/manage/subscriptions
coop/docs/glossary.html	coop/manage/topics
coop/docs/glossary.html	coop/topic
coop/docs/guide_subscribed_links.html	+
coop/docs/guide_subscribed_links.html	about.html
coop/docs/guide_subscribed_links.html	coop
coop/docs/guide_subscribed_links.html	coop/directory
coop/docs/guide_subscribed_links.html	coop/docs/faq.html
coop/docs/guide_subscribed_links.html	coop/docs/faq_users.html
coop/docs/guide_subscribed_links.html	coop/docs/glossary.html
coop/docs/guide_subscribed_links.html	coop/docs/guide_topics.html
coop/docs/guide_subscribed_links.html	coop/docs/other_resources.html
coop/docs/guide_subscribed_links.html	coop/docs/privacy.html
coop/docs/guide_subscribed_links.html	coop/manage/profile
coop/docs/guide_subscribed_links.html	coop/manage/subscribedlinks
coop/docs/guide_subscribed_links.html	coop/manage/subscriptions
coop/docs/guide_subscribed_links.html	coop/manage/topics
coop/docs/guide_topics.html	+
coop/docs/guide_topics.html	about.html
coop/docs/guide_topics.html	coop
coop/docs/guide_topics.html	coop/directory
coop/docs/guide_topics.html	coop/docs/faq.html
coop/docs/guide_topics.html	coop/docs/faq_users.html
coop/docs/guide_topics.html	coop/docs/glossary.html
coop/docs/guide_topics.html	coop/docs/guide_subscribed_links.html
coop/docs/guide_topics.html	coop/docs/other_resources.html
coop/docs/guide_topics.html	coop/docs/privacy.html
coop/docs/guide_topics.html	coop/manage/profile
coop/docs/guide_topics.html	coop/manage/subscribedlinks
coop/docs/guide_topics.html	coop/manage/subscriptions
coop/docs/guide_topics.html	coop/manage/topics
coop/docs/guide_topics.html	coop/topic
coop/docs/guide_topics.html	search
coop/docs/other_resources.html	+
coop/docs/other_resources.html	about.html
coop/docs/other_resources.html	coop
coop/docs/other_resources.html	coop/directory
coop/docs/other_resources.html	coop/docs/faq.html
coop/docs/other_resources.html	coop/docs/faq_users.html
coop/docs/other_resources.html	coop/docs/glossary.html
coop/docs/other_resources.html	coop/docs/guide_subscribed_links.html
coop/docs/other_resources.html	coop/docs/guide_topics.html
coop/docs/other_resources.html	coop/docs/privacy.html
coop/docs/other_resources.html	coop/manage/profile
coop/docs/other_resources.html	coop/manage/subscribedlinks
coop/docs/other_resources.html	coop/manage/subscriptions
coop/docs/other_resources.html	coop/manage/topics
coop/docs/privacy.html	+
coop/docs/privacy.html	about.html
coop/docs/privacy.html	coop
coop/docs/privacy.html	coop/directory
coop/docs/privacy.html	coop/docs/faq.html
coop/docs/privacy.html	coop/docs/faq_users.html
coop/docs/privacy.html	coop/docs/glossary.html
coop/docs/privacy.html	coop/docs/guide_subscribed_links.html
coop/docs/privacy.html	coop/docs/guide_topics.html
coop/docs/privacy.html	coop/docs/other_resources.html
coop/docs/privacy.html	coop/docs/privacy.html
coop/docs/privacy.html	coop/manage/profile
coop/docs/privacy.html	coop/manage/subscribedlinks
coop/docs/privacy.html	coop/manage/subscriptions
coop/docs/privacy.html	coop/manage/topics
coop/docs/privacy.html	privacy.html
coop/docs/privacy.html	privacy_faq.html
coop/docs/privacy.html	privacypolicy.html
coop/manage/profile	+
coop/manage/profile	about.html
coop/manage/profile	coop/docs/faq_users.html
coop/manage/profile	privacy.html
coop/manage/subscribedlinks	+
coop/manage/subscribedlinks	about.html
coop/manage/subscribedlinks	coop/docs/faq_users.html
coop/manage/subscribedlinks	privacy.html
coop/manage/subscriptions	+
coop/manage/subscriptions	about.html
coop/manage/subscriptions	coop/docs/faq_users.html
coop/manage/subscriptions	privacy.html
coop/manage/topics	+
coop/manage/topics	about.html
coop/manage/topics	coop/docs/faq_users.html
coop/manage/topics	privacy.html
corporate/	+
corporate/	about.html
corporate/	press/
corporate/	press/press.html
corporate/	privacy.html
corporate/	terms_of_service.html
dirhp	imghp
dirhp	maps
dirhp	preferences
dirhp	webhp
dmca.html	+
dmca.html	about.html
dmca.html	jobs/
dmca.html	sitemap.html
dmca.html	terms_of_service.html
domainpark/	adsense/
domainpark/	domainpark/faq.html
domainpark/	support/adsense/
domainpark/faq.html	adsense/home
domainpark/faq.html	domainpark/
domainpark/faq.html	support/adsense/
domainpark/faq.html	tm_complaint.html
enterprise/	+
enterprise/	about.html
enterprise/	enterprise/apps/
enterprise/	enterprise/customers.html
enterprise/	enterprise/gep/
enterprise/	enterprise/gsa/
enterprise/	enterprise/gsa/onebox.html
enterprise/	enterprise/maps/
enterprise/	enterprise/mini/
enterprise/	enterprise/news_events.html
enterprise/	enterprise/support.html
enterprise/	enterprise/whygoogle.html
enterprise/	press/pressrel/appliance_5005.html
enterprise/apps/	+
enterprise/apps/	about.html
enterprise/apps/	enterprise/
enterprise/apps/	enterprise/customers.html
enterprise/apps/	enterprise/gep/
enterprise/apps/	enterprise/gsa/
enterprise/apps/	enterprise/mini/
enterprise/apps/	enterprise/news_events.html
enterprise/apps/	enterprise/support.html
enterprise/apps/	enterprise/whygoogle.html
enterprise/customers.html	+
enterprise/customers.html	about.html
enterprise/customers.html	enterprise/
enterprise/customers.html	enterprise/gep/
enterprise/customers.html	enterprise/gsa/
enterprise/customers.html	enterprise/mini/
enterprise/customers.html	enterprise/news_events.html
enterprise/customers.html	enterprise/support.html
enterprise/customers.html	enterprise/whygoogle.html
enterprise/gep/	+
enterprise/gep/	about.html
enterprise/gep/	enterprise/
enterprise/gep/	enterprise/customers.html
enterprise/gep/	enterprise/gsa/
enterprise/gep/	enterprise/gsa/onebox.html
enterprise/gep/	enterprise/mini/
enterprise/gep/	enterprise/news_events.html
enterprise/gep/	enterprise/support.html
enterprise/government/	+
enterprise/government/	about.html
enterprise/government/	enterprise/customers.html
enterprise/government/	enterprise/gep/
enterprise/government/	enterprise/gsa/
enterprise/government/	enterprise/gsa/onebox.html
enterprise/government/	enterprise/maps/
enterprise/government/	enterprise/mini/
enterprise/government/	enterprise/news_events.html
enterprise/government/	enterprise/support.html
enterprise/government/	enterprise/whygoogle.html
enterprise/government/	ig/usgov
enterprise/government/	press/pressrel/appliance_5005.html
enterprise/gsa/	+
enterprise/gsa/	about.html
enterprise/gsa/	enterprise/
enterprise/gsa/	enterprise/customers.html
enterprise/gsa/	enterprise/gep/
enterprise/gsa/	enterprise/gsa/onebox.html
enterprise/gsa/	enterprise/mini/
enterprise/gsa/	enterprise/news_events.html
enterprise/gsa/	enterprise/support.html
enterprise/gsa/	enterprise/whygoogle.html
enterprise/gsa/onebox.html	+
enterprise/gsa/onebox.html	about.html
enterprise/gsa/onebox.html	enterprise/
enterprise/gsa/onebox.html	enterprise/customers.html
enterprise/gsa/onebox.html	enterprise/gep/
enterprise/gsa/onebox.html	enterprise/mini/
enterprise/gsa/onebox.html	enterprise/news_events.html
enterprise/gsa/onebox.html	enterprise/support.html
enterprise/gsa/onebox.html	enterprise/whygoogle.html
enterprise/maps/	+
enterprise/maps/	about.html
enterprise/maps/	enterprise/
enterprise/maps/	enterprise/customers.html
enterprise/maps/	enterprise/gep/
enterprise/maps/	enterprise/gsa/
enterprise/maps/	enterprise/mini/
enterprise/maps/	enterprise/news_events.html
enterprise/maps/	enterprise/support.html
enterprise/maps/	enterprise/whygoogle.html
enterprise/mini/	+
enterprise/mini/	about.html
enterprise/mini/	enterprise/
enterprise/mini/	enterprise/customers.html
enterprise/mini/	enterprise/gep/
enterprise/mini/	enterprise/gsa/
enterprise/mini/	enterprise/news_events.html
enterprise/mini/	enterprise/support.html
enterprise/mini/	enterprise/whygoogle.html
enterprise/news_events.html	+
enterprise/news_events.html	about.html
enterprise/news_events.html	enterprise/
enterprise/news_events.html	enterprise/customers.html
enterprise/news_events.html	enterprise/gep/
enterprise/news_events.html	enterprise/gsa/
enterprise/news_events.html	enterprise/mini/
enterprise/news_events.html	enterprise/support.html
enterprise/news_events.html	enterprise/whygoogle.html
enterprise/support.html	+
enterprise/support.html	about.html
enterprise/support.html	enterprise/
enterprise/support.html	enterprise/customers.html
enterprise/support.html	enterprise/gep/
enterprise/support.html	enterprise/gsa/
enterprise/support.html	enterprise/mini/
enterprise/support.html	enterprise/news_events.html
enterprise/support.html	enterprise/whygoogle.html
enterprise/whygoogle.html	+
enterprise/whygoogle.html	about.html
enterprise/whygoogle.html	enterprise/
enterprise/whygoogle.html	enterprise/customers.html
enterprise/whygoogle.html	enterprise/gep/
enterprise/whygoogle.html	enterprise/gsa/
enterprise/whygoogle.html	enterprise/gsa/onebox.html
enterprise/whygoogle.html	enterprise/mini/
enterprise/whygoogle.html	enterprise/news_events.html
enterprise/whygoogle.html	enterprise/support.html
finance	+
finance	finance
finance	googlefinance/faq.html
finance	privacy.html
finance	terms_of_service.html
gmm/	gmm/
googlefinance/faq.html	+
googlefinance/faq.html	accounts/NewAccount
googlefinance/faq.html	alerts
googlefinance/faq.html	finance
googlefinance/faq.html	googlefinance/faq.html
googlefinance/faq.html	help/about_blogsearch.html
googlefinance/faq.html	privacy.html
googlefinance/faq.html	terms_of_service.html
help/	+
help/	about.html
help/	coop/docs/faq.html
help/	enterprise/support.html
help/	googlefinance/faq.html
help/	help/about_blogsearch.html
help/	sitemap.html
help/	support
help/	support/a
help/	support/accounts
help/	support/adsense
help/	support/analytics
help/	support/calendar
help/	support/mobile
help/	support/pack
help/	support/pages
help/	support/spreadsheets/
help/	support/talk
help/	support/toolbar/
help/	support/webmasters
help/	support/writely
help/about_blogsearch.html	+
help/about_blogsearch.html	help/customize.html
help/about_blogsearch.html	privacy.html
help/about_blogsearch.html	terms_of_service.html
help/about_usgovernmentsearch.html	+
help/about_usgovernmentsearch.html	accounts/NewAccount
help/about_usgovernmentsearch.html	accounts/SmsMailSignup1
help/about_usgovernmentsearch.html	apis/homepage/
help/about_usgovernmentsearch.html	enterprise/government/
help/about_usgovernmentsearch.html	help/privacy_fusionph.html
help/about_usgovernmentsearch.html	ig/usgov
help/about_usgovernmentsearch.html	psearch
help/about_usgovernmentsearch.html	webmasters/sitemaps/
help/basics.html	+
help/basics.html	about.html
help/basics.html	help/customize.html
help/basics.html	help/features.html
help/basics.html	help/interpret.html
help/basics.html	help/refinesearch.html
help/basics.html	jobs/
help/basics.html	options/
help/basics.html	sitemap.html
help/basics.html	support
help/calculator.html	+
help/calculator.html	about.html
help/calculator.html	help/
help/calculator.html	help/features.html
help/calculator.html	jobs/
help/calculator.html	options/
help/calculator.html	search
help/calculator.html	sitemap.html
help/calculator.html	technology/
help/customize.html	+
help/customize.html	about.html
help/customize.html	advanced_image_search
help/customize.html	advanced_search
help/customize.html	help/basics.html
help/customize.html	help/features.html
help/customize.html	help/interpret.html
help/customize.html	help/refinesearch.html
help/customize.html	jobs/
help/customize.html	language_tools
help/customize.html	options/
help/customize.html	preferences
help/customize.html	sitemap.html
help/customize.html	support
help/faq_accounts.html	+
help/faq_accounts.html	about.html
help/faq_accounts.html	accounts/
help/faq_accounts.html	accounts/ForgotPasswd
help/faq_accounts.html	accounts/NewAccount
help/faq_accounts.html	accounts/SmsMailSignup1
help/faq_accounts.html	alerts
help/faq_accounts.html	apis/api_faq.html
help/faq_accounts.html	cookies.html
help/faq_accounts.html	help/faq_local.html
help/faq_accounts.html	ig
help/faq_accounts.html	privacy.html
help/faq_accounts.html	psearch
help/faq_accounts.html	psearch/help.html
help/faq_accounts.html	support/accounts
help/faq_accounts.html	support/froogle
help/faq_accounts.html	webmasters/sitemaps/docs/en/faq.html
help/faq_filetypes.html	+
help/faq_filetypes.html	about.html
help/faq_filetypes.html	contact/
help/faq_filetypes.html	help/
help/faq_filetypes.html	help/basics.html
help/faq_filetypes.html	help/customize.html
help/faq_filetypes.html	help/features.html
help/faq_filetypes.html	help/interpret.html
help/faq_filetypes.html	help/refinesearch.html
help/faq_filetypes.html	jobs/
help/faq_filetypes.html	sitemap.html
help/faq_translation.html	+
help/faq_translation.html	about.html
help/faq_translation.html	contact/
help/faq_translation.html	help/
help/faq_translation.html	help/basics.html
help/faq_translation.html	help/customize.html
help/faq_translation.html	help/features.html
help/faq_translation.html	help/interpret.html
help/faq_translation.html	help/refinesearch.html
help/features.html	+
help/features.html	about.html
help/features.html	coop/directory
help/features.html	finance
help/features.html	help/
help/features.html	help/basics.html
help/features.html	help/calculator.html
help/features.html	help/customize.html
help/features.html	help/faq_filetypes.html
help/features.html	help/faq_translation.html
help/features.html	help/interpret.html
help/features.html	help/pbremoval.html
help/features.html	help/refinesearch.html
help/features.html	jobs/
help/features.html	musica
help/features.html	musicsearch
help/features.html	options/
help/features.html	search
help/features.html	sitemap.html
help/features.html	url
help/features.html	webmasters/faq.html
help/interpret.html	+
help/interpret.html	about.html
help/interpret.html	help/basics.html
help/interpret.html	help/customize.html
help/interpret.html	help/features.html
help/interpret.html	help/refinesearch.html
help/interpret.html	jobs/
help/interpret.html	options/
help/interpret.html	sitemap.html
help/interpret.html	support
help/pbremoval.html	+
help/pbremoval.html	about.html
help/pbremoval.html	jobs/
help/pbremoval.html	sitemap.html
help/privacy_fusionph.html	+
help/privacy_fusionph.html	about.html
help/privacy_fusionph.html	help/faq_accounts.html
help/privacy_fusionph.html	ig
help/privacy_fusionph.html	privacy.html
help/privacy_fusionph.html	privacy_faq.html
help/privacy_fusionph.html	privacypolicy.html
help/refinesearch.html	+
help/refinesearch.html	about.html
help/refinesearch.html	advanced_search
help/refinesearch.html	help/basics.html
help/refinesearch.html	help/customize.html
help/refinesearch.html	help/features.html
help/refinesearch.html	help/interpret.html
help/refinesearch.html	jobs/
help/refinesearch.html	options/
help/refinesearch.html	sitemap.html
help/refinesearch.html	support
ig	accounts/ServiceLogin
ig	advanced_search
ig	calendar
ig	imghp
ig	language_tools
ig	maphp
ig	preferences
ig	url
ig/usgov	about.html
ig/usgov	accounts/ServiceLogin
ig/usgov	advanced_search
ig/usgov	enterprise/government/
ig/usgov	help/about_usgovernmentsearch.html
ig/usgov	help/privacy_fusionph.html
ig/usgov	imghp
ig/usgov	language_tools
ig/usgov	maphp
ig/usgov	preferences
ig/usgov	search
imghp	accounts/Login
imghp	advanced_image_search
imghp	maps
imghp	preferences
imghp	webhp
jobs/	+
jobs/	about.html
jobs/	jobs/international.html
jobs/	jobs/working.html
jobs/international.html	+
jobs/international.html	about.html
jobs/international.html	jobs/
jobs/international.html	jobs/working.html
jobs/working.html	+
jobs/working.html	about.html
jobs/working.html	jobs/
jobs/working.html	options/
language_tools	+
language_tools	preferences
mac.html	+
maphp	imghp
maphp	maps
maphp	search
maphp	webhp
maps	imghp
maps	maps
maps	search
maps	webhp
microsoft.html	+
newsalerts	+
newsalerts	accounts/ServiceLogin
newsalerts	alerts
newsalerts	alerts/faq.html
newsalerts	privacy.html
newsalerts	terms_of_service.html
options/	+
options/	about.html
options/	ads/
options/	alerts
options/	calendar
options/	coop
options/	dirhp
options/	gmm/
options/	help/features.html
options/	imghp
options/	language_tools
options/	nwshp
options/	options/specialsearches.html
options/	services/
options/	support
options/	talk
options/	webhp
options/mycampus.html	+
options/mycampus.html	about.html
options/mycampus.html	jobs/
options/mycampus.html	sitemap.html
options/specialsearches.html	+
options/specialsearches.html	about.html
options/specialsearches.html	bsd
options/specialsearches.html	help/
options/specialsearches.html	help/features.html
options/specialsearches.html	jobs/
options/specialsearches.html	linux
options/specialsearches.html	mac.html
options/specialsearches.html	microsoft.html
options/specialsearches.html	options/
options/specialsearches.html	options/universities.html
options/specialsearches.html	sitemap.html
options/specialsearches.html	technology/
options/specialsearches.html	unclesam
options/universities.html	+
options/universities.html	about.html
options/universities.html	help/
options/universities.html	help/features.html
options/universities.html	jobs/
options/universities.html	options/
options/universities.html	options/mycampus.html
options/universities.html	sitemap.html
options/universities.html	technology/
options/universities.html	univ/abdn
options/universities.html	univ/aber
options/universities.html	univ/acadiau
options/universities.html	univ/acu
options/universities.html	univ/adrian
options/universities.html	univ/agnesscott
options/universities.html	univ/aims
options/universities.html	univ/aisf
options/universities.html	univ/alaska
options/universities.html	univ/albany
options/universities.html	univ/alfred
options/universities.html	univ/alvernia
options/universities.html	univ/alverno
options/universities.html	univ/american
options/universities.html	univ/amherst
options/universities.html	univ/andrews
options/universities.html	univ/anglia
options/universities.html	univ/annauniv
options/universities.html	univ/ants
options/universities.html	univ/appstate
options/universities.html	univ/apu
options/universities.html	univ/aquinas
options/universities.html	univ/arizona
options/universities.html	univ/asbury
options/universities.html	univ/asu
options/universities.html	univ/atlanticuc
options/universities.html	univ/atu
options/universities.html	univ/aub
options/universities.html	univ/auburn
options/universities.html	univ/augustana
options/universities.html	univ/aum
options/universities.html	univ/babson
options/universities.html	univ/bard
options/universities.html	univ/barnard
options/universities.html	univ/barry
options/universities.html	univ/baruch-cuny
options/universities.html	univ/bates
options/universities.html	univ/bath
options/universities.html	univ/baylor
options/universities.html	univ/behsci
options/universities.html	univ/bemidji-msus
options/universities.html	univ/bentley
options/universities.html	univ/berea
options/universities.html	univ/berkeley
options/universities.html	univ/bgsu
options/universities.html	univ/bgu
options/universities.html	univ/bham
options/universities.html	univ/bilk
options/universities.html	univ/bilkent
options/universities.html	univ/binghamton
options/universities.html	univ/binus
options/universities.html	univ/bits-pilani
options/universities.html	univ/bju
options/universities.html	univ/boisestate
options/universities.html	univ/bond
options/universities.html	univ/boun
options/universities.html	univ/bournemouth
options/universities.html	univ/bowdoin
options/universities.html	univ/bowiestate
options/universities.html	univ/bradley
options/universities.html	univ/brandeis
options/universities.html	univ/bris
options/universities.html	univ/brown
options/universities.html	univ/brynmawr
options/universities.html	univ/bsc-nodak
options/universities.html	univ/bsu
options/universities.html	univ/bu
options/universities.html	univ/bucknell
options/universities.html	univ/buffalo
options/universities.html	univ/buk
options/universities.html	univ/bvu
options/universities.html	univ/byu
options/universities.html	univ/calarts
options/universities.html	univ/calpoly
options/universities.html	univ/calstatela
options/universities.html	univ/caltech
options/universities.html	univ/calvin
options/universities.html	univ/cam
options/universities.html	univ/canisius
options/universities.html	univ/carleton
options/universities.html	univ/carleton_ca
options/universities.html	univ/ccon
options/universities.html	univ/ccsu
options/universities.html	univ/cdu
options/universities.html	univ/centralstate
options/universities.html	univ/chalmers
options/universities.html	univ/chelt
options/universities.html	univ/chemeketa
options/universities.html	univ/ciis
options/universities.html	univ/clarke
options/universities.html	univ/clarkson
options/universities.html	univ/clemson
options/universities.html	univ/cmich
options/universities.html	univ/cmsu
options/universities.html	univ/cmu
options/universities.html	univ/cnam
options/universities.html	univ/coa
options/universities.html	univ/coe
options/universities.html	univ/cofc
options/universities.html	univ/cofo
options/universities.html	univ/cogswell
options/universities.html	univ/colby
options/universities.html	univ/colgate
options/universities.html	univ/college
options/universities.html	univ/colorado
options/universities.html	univ/coloradocollege
options/universities.html	univ/colostate
options/universities.html	univ/colum
options/universities.html	univ/columbia
options/universities.html	univ/concord
options/universities.html	univ/concordia
options/universities.html	univ/conncoll
options/universities.html	univ/coppin
options/universities.html	univ/cornell
options/universities.html	univ/cornell-iowa
options/universities.html	univ/cortland
options/universities.html	univ/cranfield
options/universities.html	univ/creighton
options/universities.html	univ/cs
options/universities.html	univ/csd
options/universities.html	univ/csu
options/universities.html	univ/csub
options/universities.html	univ/csuchico
options/universities.html	univ/csuci
options/universities.html	univ/csudh
options/universities.html	univ/csufresno
options/universities.html	univ/csuhayward
options/universities.html	univ/csulb
options/universities.html	univ/csum
options/universities.html	univ/csun
options/universities.html	univ/csupomona
options/universities.html	univ/csus
options/universities.html	univ/csusb
options/universities.html	univ/csusm
options/universities.html	univ/csustan
options/universities.html	univ/cua
options/universities.html	univ/cudenver
options/universities.html	univ/cui
options/universities.html	univ/cuni
options/universities.html	univ/curtin
options/universities.html	univ/cwru
options/universities.html	univ/cwu
options/universities.html	univ/dal
options/universities.html	univ/dartmouth
options/universities.html	univ/dauphine
options/universities.html	univ/davidson
options/universities.html	univ/dbu
options/universities.html	univ/dcu
options/universities.html	univ/deakin
options/universities.html	univ/deepsprings
options/universities.html	univ/delmar
options/universities.html	univ/denison
options/universities.html	univ/depaul
options/universities.html	univ/depauw
options/universities.html	univ/deu
options/universities.html	univ/devinci
options/universities.html	univ/dickinson
options/universities.html	univ/dit
options/universities.html	univ/dominican
options/universities.html	univ/drew
options/universities.html	univ/drexel
options/universities.html	univ/dsc
options/universities.html	univ/dsi
options/universities.html	univ/dsu-nodak
options/universities.html	univ/dt
options/universities.html	univ/dts
options/universities.html	univ/du
options/universities.html	univ/duke
options/universities.html	univ/duq
options/universities.html	univ/dvc
options/universities.html	univ/eastern
options/universities.html	univ/ec-lille
options/universities.html	univ/ecc
options/universities.html	univ/eckerd
options/universities.html	univ/ecu
options/universities.html	univ/ed
options/universities.html	univ/edinboro
options/universities.html	univ/education
options/universities.html	univ/emich
options/universities.html	univ/emory
options/universities.html	univ/emu
options/universities.html	univ/ensil
options/universities.html	univ/enst-bretagne
options/universities.html	univ/epfl
options/universities.html	univ/erau
options/universities.html	univ/esf
options/universities.html	univ/essex
options/universities.html	univ/etsu
options/universities.html	univ/evansville
options/universities.html	univ/famu
options/universities.html	univ/fandm
options/universities.html	univ/fau
options/universities.html	univ/fcvp
options/universities.html	univ/fdu
options/universities.html	univ/fh-muenster
options/universities.html	univ/fisk
options/universities.html	univ/fitnyc
options/universities.html	univ/fiu
options/universities.html	univ/flagler
options/universities.html	univ/fordham
options/universities.html	univ/franuniv
options/universities.html	univ/frba
options/universities.html	univ/fredonia
options/universities.html	univ/frostburg
options/universities.html	univ/fsu
options/universities.html	univ/fullerton
options/universities.html	univ/furman
options/universities.html	univ/gac
options/universities.html	univ/gallaudet
options/universities.html	univ/gatech
options/universities.html	univ/georgetown
options/universities.html	univ/georgianc
options/universities.html	univ/georgiasouthern
options/universities.html	univ/ggu
options/universities.html	univ/gmu
options/universities.html	univ/gonzaga
options/universities.html	univ/goshen
options/universities.html	univ/goucher
options/universities.html	univ/gpc
options/universities.html	univ/graceland
options/universities.html	univ/grinnell
options/universities.html	univ/gsu
options/universities.html	univ/gu
options/universities.html	univ/gvsu
options/universities.html	univ/gwu
options/universities.html	univ/hamilton
options/universities.html	univ/hamline
options/universities.html	univ/hampshire
options/universities.html	univ/hartford
options/universities.html	univ/harvard
options/universities.html	univ/haverford
options/universities.html	univ/hawaii
options/universities.html	univ/hendrix
options/universities.html	univ/hiram
options/universities.html	univ/hku
options/universities.html	univ/hmc
options/universities.html	univ/hofstra
options/universities.html	univ/holycross
options/universities.html	univ/home
options/universities.html	univ/hood
options/universities.html	univ/hope
options/universities.html	univ/huji
options/universities.html	univ/humboldt
options/universities.html	univ/hunter
options/universities.html	univ/huron
options/universities.html	univ/iastate
options/universities.html	univ/ic
options/universities.html	univ/ic-uk
options/universities.html	univ/iimb
options/universities.html	univ/iimcal
options/universities.html	univ/iiml
options/universities.html	univ/iisc
options/universities.html	univ/iit
options/universities.html	univ/iitb
options/universities.html	univ/iitd
options/universities.html	univ/iitk
options/universities.html	univ/iitm
options/universities.html	univ/ilstu
options/universities.html	univ/indiana
options/universities.html	univ/indstate
options/universities.html	univ/infoeagle.bc
options/universities.html	univ/isel
options/universities.html	univ/isu
options/universities.html	univ/it
options/universities.html	univ/itb
options/universities.html	univ/itu
options/universities.html	univ/iub
options/universities.html	univ/iup
options/universities.html	univ/ivey
options/universities.html	univ/iwu
options/universities.html	univ/jcsu
options/universities.html	univ/jhu
options/universities.html	univ/jmu
options/universities.html	univ/jsu
options/universities.html	univ/jsums
options/universities.html	univ/julliard
options/universities.html	univ/juniata
options/universities.html	univ/jw
options/universities.html	univ/kennesaw
options/universities.html	univ/kent
options/universities.html	univ/kepler
options/universities.html	univ/kings
options/universities.html	univ/ksu
options/universities.html	univ/ku
options/universities.html	univ/kuleuven
options/universities.html	univ/lacitec
options/universities.html	univ/lafayette
options/universities.html	univ/lamar
options/universities.html	univ/lamp
options/universities.html	univ/lasierra
options/universities.html	univ/laurentian
options/universities.html	univ/lawrence
options/universities.html	univ/lclark
options/universities.html	univ/leeds
options/universities.html	univ/lehigh
options/universities.html	univ/lesley
options/universities.html	univ/letu
options/universities.html	univ/liberty
options/universities.html	univ/lincoln
options/universities.html	univ/liu
options/universities.html	univ/llu
options/universities.html	univ/loras
options/universities.html	univ/louisiana
options/universities.html	univ/loyno
options/universities.html	univ/lrsc-nodak
options/universities.html	univ/lsc
options/universities.html	univ/lse
options/universities.html	univ/lssu
options/universities.html	univ/lsu
options/universities.html	univ/luc
options/universities.html	univ/mahe
options/universities.html	univ/mainemaritime
options/universities.html	univ/man
options/universities.html	univ/manchester
options/universities.html	univ/manhattanville
options/universities.html	univ/mankato-msus
options/universities.html	univ/marietta
options/universities.html	univ/marist
options/universities.html	univ/marquette
options/universities.html	univ/marymount
options/universities.html	univ/masu-nodak
options/universities.html	univ/may
options/universities.html	univ/mbs-unimelb
options/universities.html	univ/mc
options/universities.html	univ/mccc
options/universities.html	univ/mcgill
options/universities.html	univ/mckenna
options/universities.html	univ/mcmaster
options/universities.html	univ/mcneese
options/universities.html	univ/mcphu
options/universities.html	univ/memphis
options/universities.html	univ/miami
options/universities.html	univ/middlebury
options/universities.html	univ/mills
options/universities.html	univ/mines
options/universities.html	univ/missouri
options/universities.html	univ/misu-b-nodak
options/universities.html	univ/misu-nodak
options/universities.html	univ/mit
options/universities.html	univ/mnscu
options/universities.html	univ/mobap
options/universities.html	univ/modares
options/universities.html	univ/monash
options/universities.html	univ/montclair
options/universities.html	univ/monterey
options/universities.html	univ/moorhead-msus
options/universities.html	univ/moravian
options/universities.html	univ/morehead-st
options/universities.html	univ/mountida
options/universities.html	univ/mq
options/universities.html	univ/mrt
options/universities.html	univ/mscd
options/universities.html	univ/mslaw
options/universities.html	univ/msoe
options/universities.html	univ/mssm
options/universities.html	univ/msstate
options/universities.html	univ/msu
options/universities.html	univ/msus
options/universities.html	univ/mtech
options/universities.html	univ/mtholyoke
options/universities.html	univ/mtmercy
options/universities.html	univ/mtsac
options/universities.html	univ/mtsu
options/universities.html	univ/mtu
options/universities.html	univ/mum
options/universities.html	univ/mun
options/universities.html	univ/muohio
options/universities.html	univ/musc
options/universities.html	univ/mvsu
options/universities.html	univ/nadn-navy
options/universities.html	univ/national
options/universities.html	univ/nau
options/universities.html	univ/ncat
options/universities.html	univ/ncn
options/universities.html	univ/ncsu
options/universities.html	univ/nd
options/universities.html	univ/ndscs-nodak
options/universities.html	univ/ndsu-nodak
options/universities.html	univ/neu
options/universities.html	univ/newcollege
options/universities.html	univ/newhaven
options/universities.html	univ/newpaltz
options/universities.html	univ/newschool
options/universities.html	univ/niu
options/universities.html	univ/njit
options/universities.html	univ/nju
options/universities.html	univ/nmsu
options/universities.html	univ/nmt
options/universities.html	univ/nmu
options/universities.html	univ/northcentralcollege
options/universities.html	univ/norwich
options/universities.html	univ/nova
options/universities.html	univ/nsuok
options/universities.html	univ/ntnu
options/universities.html	univ/ntu
options/universities.html	univ/nu
options/universities.html	univ/nuigalway
options/universities.html	univ/nus
options/universities.html	univ/nust
options/universities.html	univ/nwc
options/universities.html	univ/nwu
options/universities.html	univ/nyu
options/universities.html	univ/oakland
options/universities.html	univ/oakwood
options/universities.html	univ/oberlin
options/universities.html	univ/oc.edu
options/universities.html	univ/ohiou
options/universities.html	univ/okstate
options/universities.html	univ/olemiss
options/universities.html	univ/oneonta
options/universities.html	univ/open-uk
options/universities.html	univ/oregonstate
options/universities.html	univ/oru
options/universities.html	univ/osu
options/universities.html	univ/oswego
options/universities.html	univ/otago
options/universities.html	univ/ou
options/universities.html	univ/oulu
options/universities.html	univ/ovc
options/universities.html	univ/ox
options/universities.html	univ/oxy
options/universities.html	univ/pace
options/universities.html	univ/pacific
options/universities.html	univ/pacificu
options/universities.html	univ/panam
options/universities.html	univ/pcc
options/universities.html	univ/pct
options/universities.html	univ/pdn
options/universities.html	univ/pdx
options/universities.html	univ/pedarecc
options/universities.html	univ/pepperdine
options/universities.html	univ/philau
options/universities.html	univ/phoenix
options/universities.html	univ/pictsctr
options/universities.html	univ/pierrard
options/universities.html	univ/pitt
options/universities.html	univ/plu
options/universities.html	univ/plymouth
options/universities.html	univ/poly
options/universities.html	univ/pomona
options/universities.html	univ/port
options/universities.html	univ/potsdam
options/universities.html	univ/pqc
options/universities.html	univ/pratt
options/universities.html	univ/premyoga
options/universities.html	univ/prescott
options/universities.html	univ/princeton
options/universities.html	univ/psgtech
options/universities.html	univ/psu
options/universities.html	univ/puc
options/universities.html	univ/pucp
options/universities.html	univ/purchase
options/universities.html	univ/purdue
options/universities.html	univ/qc
options/universities.html	univ/qub
options/universities.html	univ/queensu
options/universities.html	univ/quinnipiac
options/universities.html	univ/qut
options/universities.html	univ/rdg
options/universities.html	univ/recjal
options/universities.html	univ/redeemer
options/universities.html	univ/redwoods
options/universities.html	univ/reed
options/universities.html	univ/regents
options/universities.html	univ/regiscollege
options/universities.html	univ/rhodes
options/universities.html	univ/rice
options/universities.html	univ/richmond
options/universities.html	univ/rit
options/universities.html	univ/rmit
options/universities.html	univ/rmwc
options/universities.html	univ/rochester
options/universities.html	univ/roosevelt
options/universities.html	univ/rose-hulman
options/universities.html	univ/rosemont
options/universities.html	univ/rpi
options/universities.html	univ/ru
options/universities.html	univ/rug
options/universities.html	univ/rustcollege
options/universities.html	univ/rutgers
options/universities.html	univ/ryerson
options/universities.html	univ/sacredheart
options/universities.html	univ/salem
options/universities.html	univ/santarosa
options/universities.html	univ/sc
options/universities.html	univ/scranton
options/universities.html	univ/scrippscol
options/universities.html	univ/scsu
options/universities.html	univ/scu
options/universities.html	univ/sdstate
options/universities.html	univ/sdsu
options/universities.html	univ/seattlecentral
options/universities.html	univ/seattleu
options/universities.html	univ/selu
options/universities.html	univ/sfasu
options/universities.html	univ/sfsu
options/universities.html	univ/sfu
options/universities.html	univ/shimer
options/universities.html	univ/sierranevada
options/universities.html	univ/simons-rock
options/universities.html	univ/siu
options/universities.html	univ/sj-alaska
options/universities.html	univ/sjsu
options/universities.html	univ/sju
options/universities.html	univ/skidmore
options/universities.html	univ/slc
options/universities.html	univ/slu
options/universities.html	univ/smith
options/universities.html	univ/smsu
options/universities.html	univ/smu
options/universities.html	univ/smu_sg
options/universities.html	univ/snu
options/universities.html	univ/sonoma
options/universities.html	univ/sou
options/universities.html	univ/southalabama
options/universities.html	univ/southernct
options/universities.html	univ/southwest-msus
options/universities.html	univ/southwestern
options/universities.html	univ/spbu
options/universities.html	univ/spc
options/universities.html	univ/sph
options/universities.html	univ/spu
options/universities.html	univ/spuvvn
options/universities.html	univ/ssu
options/universities.html	univ/st-aug
options/universities.html	univ/staffs
options/universities.html	univ/stanford
options/universities.html	univ/stcloudstate
options/universities.html	univ/stedwards
options/universities.html	univ/stetson
options/universities.html	univ/stevens-tech
options/universities.html	univ/stfranciscollege
options/universities.html	univ/stillman
options/universities.html	univ/stjohns
options/universities.html	univ/stmarytx
options/universities.html	univ/stockton
options/universities.html	univ/stolaf
options/universities.html	univ/stou
options/universities.html	univ/strath
options/universities.html	univ/strayer
options/universities.html	univ/stthomas
options/universities.html	univ/suffolk
options/universities.html	univ/sums
options/universities.html	univ/sunymaritime
options/universities.html	univ/sunysb
options/universities.html	univ/surrey
options/universities.html	univ/susqu
options/universities.html	univ/sussex
options/universities.html	univ/swarthmore
options/universities.html	univ/swau
options/universities.html	univ/swgc
options/universities.html	univ/swt
options/universities.html	univ/syr
options/universities.html	univ/tamu
options/universities.html	univ/tamuk
options/universities.html	univ/tarleton
options/universities.html	univ/tayloru
options/universities.html	univ/tcnj
options/universities.html	univ/tcu
options/universities.html	univ/techbc
options/universities.html	univ/technion
options/universities.html	univ/temple
options/universities.html	univ/thunderbird
options/universities.html	univ/tju
options/universities.html	univ/tntech
options/universities.html	univ/towson
options/universities.html	univ/transy
options/universities.html	univ/trincoll
options/universities.html	univ/trinity
options/universities.html	univ/troyst
options/universities.html	univ/truman
options/universities.html	univ/ttu
options/universities.html	univ/tufts
options/universities.html	univ/tuj
options/universities.html	univ/tulane
options/universities.html	univ/tusk
options/universities.html	univ/twcnet
options/universities.html	univ/u-tokyo
options/universities.html	univ/ua
options/universities.html	univ/ua_be
options/universities.html	univ/uaf
options/universities.html	univ/uakron
options/universities.html	univ/ualberta
options/universities.html	univ/uark
options/universities.html	univ/ubalt
options/universities.html	univ/ubc
options/universities.html	univ/uc
options/universities.html	univ/ucalgary
options/universities.html	univ/ucc
options/universities.html	univ/ucd
options/universities.html	univ/ucdavis
options/universities.html	univ/uce
options/universities.html	univ/ucf
options/universities.html	univ/uchastings
options/universities.html	univ/uchicago
options/universities.html	univ/uci
options/universities.html	univ/ucl
options/universities.html	univ/ucla
options/universities.html	univ/ucmerced
options/universities.html	univ/uconn
options/universities.html	univ/ucr
options/universities.html	univ/ucsb
options/universities.html	univ/ucsc
options/universities.html	univ/ucsd
options/universities.html	univ/ucsf
options/universities.html	univ/uct
options/universities.html	univ/udayton
options/universities.html	univ/udel
options/universities.html	univ/udmercy
options/universities.html	univ/uea
options/universities.html	univ/ufl
options/universities.html	univ/ufrn
options/universities.html	univ/uga
options/universities.html	univ/uh
options/universities.html	univ/uibk
options/universities.html	univ/uic
options/universities.html	univ/uidaho
options/universities.html	univ/uiowa
options/universities.html	univ/uis
options/universities.html	univ/uiuc
options/universities.html	univ/uky
options/universities.html	univ/ulb
options/universities.html	univ/ulst
options/universities.html	univ/umaine
options/universities.html	univ/umanitoba
options/universities.html	univ/umaryland
options/universities.html	univ/umass
options/universities.html	univ/umassd
options/universities.html	univ/umbc
options/universities.html	univ/umd
options/universities.html	univ/umes
options/universities.html	univ/umich
options/universities.html	univ/umist
options/universities.html	univ/umkc
options/universities.html	univ/umn
options/universities.html	univ/umontreal
options/universities.html	univ/umr
options/universities.html	univ/umt
options/universities.html	univ/umuc
options/universities.html	univ/unb
options/universities.html	univ/unc
options/universities.html	univ/unc_ar
options/universities.html	univ/unco
options/universities.html	univ/und-nodak
options/universities.html	univ/unf
options/universities.html	univ/unh
options/universities.html	univ/uni-freiburg
options/universities.html	univ/uni-mannheim
options/universities.html	univ/uni-regensburg
options/universities.html	univ/uni-saarland
options/universities.html	univ/uni-trier
options/universities.html	univ/unibe
options/universities.html	univ/unicatt
options/universities.html	univ/unimelb
options/universities.html	univ/unimi
options/universities.html	univ/unimib
options/universities.html	univ/union
options/universities.html	univ/unipi
options/universities.html	univ/uniroma1
options/universities.html	univ/unisa
options/universities.html	univ/unisa_za
options/universities.html	univ/univie
options/universities.html	univ/unl
options/universities.html	univ/unl_pt
options/universities.html	univ/unl_uk
options/universities.html	univ/unlv
options/universities.html	univ/unm
options/universities.html	univ/unomaha
options/universities.html	univ/unr
options/universities.html	univ/unsw
options/universities.html	univ/unt
options/universities.html	univ/uoc
options/universities.html	univ/uofl
options/universities.html	univ/uoguelph
options/universities.html	univ/uoregon
options/universities.html	univ/uottawa
options/universities.html	univ/uow
options/universities.html	univ/up
options/universities.html	univ/upatras
options/universities.html	univ/upd
options/universities.html	univ/upenn
options/universities.html	univ/uprm
options/universities.html	univ/ups
options/universities.html	univ/upv
options/universities.html	univ/uqtr-uquebec
options/universities.html	univ/uregina
options/universities.html	univ/uri
options/universities.html	univ/usafa-af
options/universities.html	univ/usask
options/universities.html	univ/usc
options/universities.html	univ/usf
options/universities.html	univ/usfca
options/universities.html	univ/usi
options/universities.html	univ/usiu
options/universities.html	univ/usm
options/universities.html	univ/usma
options/universities.html	univ/usmma
options/universities.html	univ/ust
options/universities.html	univ/usu
options/universities.html	univ/usuhs
options/universities.html	univ/usyd
options/universities.html	univ/ut
options/universities.html	univ/uta
options/universities.html	univ/utah
options/universities.html	univ/utampa
options/universities.html	univ/utas
options/universities.html	univ/utdallas
options/universities.html	univ/utep
options/universities.html	univ/utexas
options/universities.html	univ/utk
options/universities.html	univ/utmb
options/universities.html	univ/utoledo
options/universities.html	univ/utoronto
options/universities.html	univ/utsa
options/universities.html	univ/uttyler
options/universities.html	univ/utulsa
options/universities.html	univ/utwente
options/universities.html	univ/uu
options/universities.html	univ/uvic
options/universities.html	univ/uvm
options/universities.html	univ/uwa
options/universities.html	univ/uwaterloo
options/universities.html	univ/uwindsor
options/universities.html	univ/uwla
options/universities.html	univ/uwm
options/universities.html	univ/uwo
options/universities.html	univ/uwyo
options/universities.html	univ/valdosta
options/universities.html	univ/valencia
options/universities.html	univ/vanderbilt
options/universities.html	univ/vassar
options/universities.html	univ/vcsu-nodak
options/universities.html	univ/vcu
options/universities.html	univ/vicfilm
options/universities.html	univ/villanova
options/universities.html	univ/vinu
options/universities.html	univ/virginia
options/universities.html	univ/vt
options/universities.html	univ/vuw
options/universities.html	univ/waikato
options/universities.html	univ/waldenu
options/universities.html	univ/wales
options/universities.html	univ/warnborough
options/universities.html	univ/washburn
options/universities.html	univ/washcoll
options/universities.html	univ/washington
options/universities.html	univ/wayne
options/universities.html	univ/wbcoll
options/universities.html	univ/wcslc
options/universities.html	univ/wcupa
options/universities.html	univ/web
options/universities.html	univ/webb-institute
options/universities.html	univ/weber
options/universities.html	univ/webster
options/universities.html	univ/wellesley
options/universities.html	univ/wesleyan
options/universities.html	univ/westmont
options/universities.html	univ/wfu
options/universities.html	univ/wheaton
options/universities.html	univ/whitman
options/universities.html	univ/whittier
options/universities.html	univ/wichita
options/universities.html	univ/wilkes
options/universities.html	univ/willamette
options/universities.html	univ/williams
options/universities.html	univ/winona-msus
options/universities.html	univ/wisc
options/universities.html	univ/wits
options/universities.html	univ/wiu
options/universities.html	univ/wku
options/universities.html	univ/wlu
options/universities.html	univ/wlu_ca
options/universities.html	univ/wlv
options/universities.html	univ/wm
options/universities.html	univ/wmich
options/universities.html	univ/wpi
options/universities.html	univ/wpunj
options/universities.html	univ/wright
options/universities.html	univ/wsc
options/universities.html	univ/wsc-nodak
options/universities.html	univ/wsu
options/universities.html	univ/wtamu
options/universities.html	univ/wustl
options/universities.html	univ/wvu
options/universities.html	univ/wwc
options/universities.html	univ/wwu
options/universities.html	univ/yale
options/universities.html	univ/york
options/universities.html	univ/yorku
options/universities.html	univ/yu
permissions/	+
permissions/	about.html
permissions/	contact/
permissions/	jobs/
permissions/	permissions/guidelines.html
permissions/	press/
permissions/	sitemap.html
permissions/guidelines.html	+
permissions/guidelines.html	about.html
permissions/guidelines.html	contact/
permissions/guidelines.html	jobs/
permissions/guidelines.html	permissions/
permissions/guidelines.html	press/
permissions/guidelines.html	sitemap.html
plex/	+
plex/	about.html
plex/	jobs/
plex/	sitemap.html
preferences	+
preferences	about.html
preferences	help/customize.html
press/	+
press/	about.html
press/	jobs/
press/	permissions/
press/	privacy.html
press/	search
press/	sitemap.html
press/pressrel/appliance_5005.html	+
press/pressrel/appliance_5005.html	about.html
press/pressrel/appliance_5005.html	jobs/
press/pressrel/appliance_5005.html	permissions/
press/pressrel/appliance_5005.html	press/
press/pressrel/appliance_5005.html	privacy.html
privacy.html	+
privacy.html	about.html
privacy.html	help/privacy_fusionph.html
privacy.html	privacy.html
privacy.html	privacy_faq.html
privacy.html	privacypolicy.html
privacy.html	searchhistory/privacy.html
privacy.html	support/toolbar/
privacy.html	talk/privacy.html
privacy.html	terms_of_service.html
privacy_faq.html	+
privacy_faq.html	about.html
privacy_faq.html	accounts/
privacy_faq.html	help/privacy_fusionph.html
privacy_faq.html	privacy.html
privacy_faq.html	privacypolicy.html
privacy_faq.html	searchhistory/privacy.html
privacy_faq.html	support/toolbar/
privacy_faq.html	talk/privacy.html
privacy_faq.html	terms_of_service.html
privacypolicy.html	+
privacypolicy.html	about.html
privacypolicy.html	help/privacy_fusionph.html
privacypolicy.html	options/
privacypolicy.html	privacy.html
privacypolicy.html	privacy_faq.html
privacypolicy.html	searchhistory/privacy.html
privacypolicy.html	support/toolbar/
privacypolicy.html	talk/privacy.html
privacypolicy.html	terms_of_service.html
psearch	+
psearch	about.html
psearch	psearch/privacy.html
psearch/help.html	+
psearch/help.html	about.html
psearch/help.html	sitemap.html
psearch/help.html	support
psearch/privacy.html	+
psearch/privacy.html	about.html
psearch/privacy.html	help/faq_accounts.html
psearch/privacy.html	privacy_faq.html
psearch/privacy.html	privacypolicy.html
psearch/privacy.html	psearch/help.html
search	accounts/Login
search	advanced_search
search	imghp
search	language_tools
search	maps
search	preferences
search	url
searchcode.html	+
searchcode.html	about.html
searchcode.html	adsense/
searchcode.html	jobs/
searchcode.html	services/
searchcode.html	sitemap.html
searchcode.html	wireless/
searchhistory/privacy.html	+
searchhistory/privacy.html	about.html
searchhistory/privacy.html	help/faq_accounts.html
searchhistory/privacy.html	privacy_faq.html
searchhistory/privacy.html	privacypolicy.html
services/	+
services/	about.html
services/	adsense/
services/	domainpark/
services/	enterprise/
services/	jobs/
services/	services/websearch.html
services/	wireless/
services/adsense_tour/	+
services/adsense_tour/	services/adsense_tour/
services/websearch.html	+
services/websearch.html	about.html
services/websearch.html	adsense/ws-overview
services/websearch.html	enterprise/gsa/
services/websearch.html	enterprise/mini/
services/websearch.html	jobs/
services/websearch.html	searchcode.html
services/websearch.html	services/
services/websearch.html	sitemap.html
sitemap.html	+
sitemap.html	about.html
sitemap.html	addurl/
sitemap.html	adsense/policies
sitemap.html	adsense/ws-overview
sitemap.html	alerts
sitemap.html	enterprise/
sitemap.html	enterprise/customers.html
sitemap.html	enterprise/gep/
sitemap.html	enterprise/gsa/
sitemap.html	enterprise/mini/
sitemap.html	enterprise/news_events.html
sitemap.html	enterprise/support.html
sitemap.html	help/basics.html
sitemap.html	help/customize.html
sitemap.html	help/features.html
sitemap.html	help/interpret.html
sitemap.html	help/privacy_fusionph.html
sitemap.html	help/refinesearch.html
sitemap.html	jobs/
sitemap.html	jobs/international.html
sitemap.html	jobs/working.html
sitemap.html	language_tools
sitemap.html	options/
sitemap.html	options/specialsearches.html
sitemap.html	options/universities.html
sitemap.html	permissions/
sitemap.html	permissions/guidelines.html
sitemap.html	press/
sitemap.html	privacy.html
sitemap.html	privacy_faq.html
sitemap.html	privacypolicy.html
sitemap.html	searchhistory/privacy.html
sitemap.html	services/adsense_tour/
sitemap.html	support
sitemap.html	talk/privacy.html
sitemap.html	terms_of_service.html
sitemap.html	webmasters/faq.html
sitemap.html	webmasters/sitemaps/
submit_content.html	addurl/
submit_content.html	webmasters/sitemaps/login
support	+
support	about.html
support	coop/docs/faq.html
support	enterprise/support.html
support	googlefinance/faq.html
support	help/about_blogsearch.html
support	sitemap.html
support	support
support	support/a
support	support/accounts
support	support/adsense
support	support/analytics
support	support/calendar
support	support/mobile
support	support/pack
support	support/pages
support	support/spreadsheets/
support	support/talk
support	support/toolbar/
support	support/webmasters
support	support/writely
support/a	support
support/accounts	+
support/accounts	about.html
support/accounts	accounts/
support/accounts	support
support/adsense	adsense/localized-terms
support/adsense	support/adsense
support/adsense/	adsense/localized-terms
support/adsense/	support/adsense
support/calendar	calendar
support/calendar	support
support/calendar	support/calendar
support/froogle	+
support/froogle	ads/
support/froogle	privacy.html
support/froogle	services/
support/mobile	privacy.html
support/mobile	support
support/mobile	terms_of_service.html
support/pages	support/pages
support/spreadsheets/	support
support/spreadsheets/	support/spreadsheets/
support/talk	+
support/talk	talk
support/talk	talk/privacy.html
support/toolbar/	support
support/toolbar/	support/toolbar/
support/webmasters	+
support/webmasters	support
support/webmasters	webmasters/
support/writely	support
talk	+
talk	about.html
talk	accounts/SmsMailSignup1
talk	otherclients.html
talk	privacy.html
talk	start.html
talk	support/talk
talk	terms.html
talk	whatsnew.html
talk/privacy.html	+
talk/privacy.html	accounts/
talk/privacy.html	privacy.html
talk/privacy.html	privacypolicy.html
talk/privacy.html	support/talk
talk/privacy.html	talk
talk/privacy.html	talk/privacy.html
technology/	+
technology/	about.html
technology/	help/
technology/	help/features.html
technology/	jobs/
technology/	options/
technology/	sitemap.html
terms_of_service.html	+
terms_of_service.html	about.html
terms_of_service.html	contact/
terms_of_service.html	dmca.html
terms_of_service.html	help/privacy_fusionph.html
terms_of_service.html	privacy.html
terms_of_service.html	privacy_faq.html
terms_of_service.html	privacypolicy.html
terms_of_service.html	searchcode.html
terms_of_service.html	searchhistory/privacy.html
terms_of_service.html	support/toolbar/
terms_of_service.html	talk/privacy.html
terms_of_service.html	terms_of_service.html
terms_of_service.html	tm_complaint.html
tm_complaint.html	+
tm_complaint.html	about.html
tm_complaint.html	jobs/
tm_complaint.html	sitemap.html
unclesam	about.html
unclesam	accounts/ServiceLogin
unclesam	advanced_search
unclesam	enterprise/government/
unclesam	help/about_usgovernmentsearch.html
unclesam	help/privacy_fusionph.html
unclesam	imghp
unclesam	language_tools
unclesam	maphp
unclesam	preferences
unclesam	search
webhp	accounts/Login
webhp	advanced_search
webhp	imghp
webhp	language_tools
webhp	maps
webhp	preferences
webhp	url
webmasters/	+
webmasters/	support/webmasters
webmasters/	webmasters/sitemaps/
webmasters/	webmasters/sitemaps/sitestatus
webmasters/faq.html	+
webmasters/faq.html	support
webmasters/faq.html	webmasters/
webmasters/sitemaps/	privacy.html
webmasters/sitemaps/	webmasters/
webmasters/sitemaps/docs/en/faq.html	+
webmasters/sitemaps/docs/en/faq.html	support
webmasters/sitemaps/docs/en/faq.html	webmasters/
webmasters/sitemaps/login	privacy.html
webmasters/sitemaps/login	webmasters/
webmasters/sitemaps/sitestatus	privacy.html
webmasters/sitemaps/sitestatus	support/webmasters
wireless/	privacy.html
